accel_x_mean,accel_x_std,accel_x_min,accel_x_max,accel_y_mean,accel_y_std,accel_y_min,accel_y_max,accel_z_mean,accel_z_std,accel_z_min,accel_z_max,accel_magnitude_mean,accel_magnitude_std,gyro_x_mean,gyro_x_std,gyro_x_min,gyro_x_max,gyro_y_mean,gyro_y_std,gyro_y_min,gyro_y_max,gyro_z_mean,gyro_z_std,gyro_z_min,gyro_z_max,gyro_magnitude_mean,gyro_magnitude_std,activity
-0.007750177519395865,0.0039851640833301035,-0.0174616076052188,0.0016313832253217,-0.009429262867197322,0.004136689729205785,-0.0188189659267663,0.0020262047648429,0.039366355895996,0.002768922508575541,0.032756233215332,0.0471202850341796,0.0415972819201926,0.002975566564123626,0.00039034289313709186,0.0006397960723764855,-0.0015882496372796,0.0018325957469641,-0.0002455678293481135,0.0006066130701667595,-0.0019547687843441,0.0012217305134981,-0.00026267205714245167,0.0007022848009650973,-0.0018325957935303,0.0020769418450072,0.001146598263421742,0.00048198701569618634,sitting_table
-0.007872165869921361,0.004286678274740843,-0.0177392296493052,0.0030057977885007,-0.0066976651065050906,0.003906771096016465,-0.0167735464870929,0.0032478801906108,0.04184887409210196,0.003857965182185396,0.030824851989746,0.0509830474853515,0.04349133488065521,0.003875126320605039,0.0002193006268935196,0.00065228856942302,-0.001221730490215,0.0017104227445087,-0.00024190263898341623,0.000662858143493153,-0.0019547687727026,0.0012217305134981,-0.00020402899279721714,0.0005964028720486932,-0.0014660766115411,0.0015882496139965,0.001061902528158921,0.00048604174590410627,sitting_table
-0.010438213055953287,0.004811266440433381,-0.0226613141596317,0.0016123209148645,-0.0069046472273766235,0.005048425757293643,-0.0178073540329932,0.0067674741148948,0.039087222099304104,0.003392018412236959,0.0274757385253905,0.0461542129516601,0.04158110562651382,0.003920440490100667,0.0003426954068126974,0.0008600388218725353,-0.0018325957353226,0.0023212879663332,-0.00034697146312096287,0.0005486267278700956,-0.0014660766115411,0.0012217304785735,-0.0003310889651765856,0.0006317610569556826,-0.001954768761061,0.0009773844038135,0.001232066624726649,0.0005131852129147434,sitting_table
-0.4969729853644975,0.8009914109299675,-2.4073633909225474,1.7576797336339944,-0.550286349773407,1.669482080969982,-4.88350830078125,2.415547561645508,-0.16805867491662504,1.5648662541607234,-4.255149984359742,3.5930455207824705,2.2115302123072063,1.242202325911848,-0.4072009412366895,1.1362143205934383,-2.4118181228637696,2.3462112188339233,-0.23313244525506172,0.7516330267108317,-1.454836678504944,1.4443298101425168,-0.11267042883974511,0.22205183139305656,-0.6387207031250001,0.3545461907982824,1.2797961159158542,0.7022547067311586,stairs_pocket
-0.350225521966815,0.9554378993527145,-2.6883761405944826,2.1791085481643675,-0.1915682690143585,1.674952673811111,-3.774252986907959,3.4183106422424316,-0.052275604233145694,1.5392306417781383,-4.908997440338135,3.0880970001220702,2.3133869013922475,0.9337078588080869,-0.45818619277933614,1.0769542929146123,-2.5677109241485594,2.1094398975372313,0.14636575644463298,0.8084546656175733,-1.5291178941726684,1.8285640716552731,-0.0910965022025048,0.21793737604854033,-0.6384763717651367,0.4376238659024237,1.3167190552686265,0.5994374149819929,stairs_pocket
-0.16838598401471955,0.728472689272148,-1.7433963298797608,1.6272352933883667,-0.07587282228469855,0.7969646488299575,-1.9438358306884769,2.0866613388061523,-0.7571425470346586,1.4494147453099784,-3.470590019226074,2.2325551509857178,1.7198615831116553,0.9509300232595803,-0.08938485710299574,0.9003141916393096,-1.339871835708618,2.148779606819153,-0.2515115452807513,0.6056492152580341,-1.8729128122329712,1.132910692691803,0.06925073846225864,0.22730712025535835,-0.2332283496856689,0.6676757097244262,1.0230918694365478,0.5034816653183589,walking_pocket
-0.3045837562717497,0.8025124038254041,-2.973784017562866,1.8569708108901977,0.29016733551025387,1.8115577836052816,-4.255468368530273,4.105249691009521,-0.2279660224318504,1.2817736360558625,-3.4841986417770388,3.1463897705078123,2.18046788690651,1.0101815884217462,-0.3128430328778922,0.9067401437937205,-2.343034791946411,1.4236825287342072,-0.07057814875326592,0.48870267759515207,-1.982990765571594,1.1572231292724608,-0.012866043018351819,0.22656604536248312,-0.6298020601272584,0.5298645198345184,0.9337608890305222,0.5827388487442914,stairs_pocket
-0.4132777535915374,0.6319992582211738,-2.522280693054199,1.3486035346984866,-0.09840727424621526,0.8044804040218608,-2.0023889541625968,1.956957435607911,-0.8649500045925379,1.4325983724446472,-3.7699390411376954,1.633798313140869,1.7928370644092508,0.8954443013542932,-0.09894673247914744,0.9217361135242298,-1.519466209411621,2.139494442939758,-0.434350844169035,0.9980689860826544,-2.419881582260131,1.383976292610169,0.1177009043131839,0.2724541083625503,-0.2679254919290542,0.8276002407073975,1.326346881351281,0.6044052003652173,walking_pocket
0.050259163200855425,0.8273523976782455,-1.828274726867676,2.1640316009521485,-0.16028706645965593,0.7609489781120617,-1.8073848724365231,2.1586368560791014,-0.45454078142344967,1.4690981455334442,-3.6294005870819097,3.363325071334839,1.6564227376893867,0.9488340574074743,-0.1295382527317852,0.7669806159524186,-1.2366356015205384,2.0398011922836305,-0.044616376694524645,0.9178796588939582,-2.126055383682251,1.6428609848022462,0.029568931948859345,0.25343558314068976,-0.5382944583892821,0.6510601758956909,1.0970159621155067,0.552489158773228,walking_pocket
-0.00744075999967746,0.005227440724417661,-0.0190459787845611,0.0082601133733987,-0.008056933155283266,0.0046062767907779165,-0.0204137362539767,0.0028675906360149,0.038376817703246975,0.0029377844143940865,0.0284902572631835,0.0452146530151366,0.04048559083470054,0.003304448076168221,0.00016920967662006849,0.0006683480800370817,-0.0015882496372796,0.0017104227095842,-0.00043432519625634744,0.0005853062576361274,-0.0020769418915733,0.000733038294129,-0.0003316998307709417,0.000640227354702746,-0.0020769418799317,0.0014660766231826,0.0011482663936884486,0.0004505130257805782,sitting_table
-0.007156196335330521,0.004165124422167131,-0.0175068005919455,0.0068114321678876,-0.00984131088852875,0.004112546444224352,-0.0214757457375526,-0.0011372916400432,0.046881889343261623,0.003298336726962728,0.039009666442871,0.0557670593261718,0.04877359490243638,0.003476432921649757,0.0005558873788686168,0.0006981070470149031,-0.000855211354792,0.0028099800925701,-0.00014049901050746134,0.0005882529903703165,-0.0015882496722042,0.0013439035625196,-0.0003426954050664439,0.000668125832927063,-0.0018325957469641,0.0012217304902151,0.0012176451393319894,0.00048796513988865424,sitting_table
0.07036702530086057,0.8319184896484031,-1.9633437633514403,2.035932469367981,-0.12975741672515834,0.8031714252772308,-2.140629959106445,2.192375755310059,-0.4482119220644239,1.2191878604702313,-3.1167445182800297,1.7648325443267818,1.5351188378468346,0.8239910098411078,-0.047521041239146085,0.8478079471154564,-1.3693155288696288,2.173092007637024,-0.06357702044973791,0.9816514907025118,-2.0318599939346305,1.8670485258102425,0.04886860822857133,0.194031231970814,-0.2896723002195357,0.696142029762268,1.1869282549780324,0.5593926159168326,walking_pocket
-0.006944913679733798,0.004459872312820649,-0.0164263352751731,0.0048053007572889,-0.00891836079955094,0.004098887538843284,-0.0183847308158874,0.0035559013485908,0.044726778030395424,0.002884179030771482,0.0366027832031249,0.0510072708129882,0.04652574657496714,0.002904396880365739,0.0002101376432692573,0.0007032890939686746,-0.001954768761061,0.0026878070551901,-0.0002553416778100312,0.0005843433848394527,-0.0013439035625196,0.0015882496489211,-0.00024678956199201393,0.0006690527766100036,-0.0025656340993008,0.0012217304902151,0.0010945623997879312,0.0005007344150263338,sitting_table
0.01780167259089682,0.8215006337677451,-1.8902270495891569,2.046990203857422,-0.16037763786315934,0.7599255974071938,-2.0666410446166994,1.9837380409240724,-0.5662558472305539,1.344341583020802,-3.703142261505127,2.111834645271301,1.6213030844128782,0.8753269904449876,-0.0038374562952666214,0.9107733867392851,-1.2274726390838624,2.209377384185791,-0.020363192991353554,0.6947017644529215,-1.6819563627243042,1.8055954933166505,0.08754126535460824,0.2533607366095384,-0.2874731898307799,0.7027393698692322,1.0621393530605658,0.5006344397671451,walking_pocket
-0.008006702926009824,0.004626342451176066,-0.0178913213312625,0.0024825826287269,-0.006791153250262068,0.004586856294663138,-0.0188189659267663,0.0040735729038715,0.037707773208618074,0.003552245855631452,0.0274826049804687,0.0471202850341796,0.03966633691942281,0.003679410592247771,0.00016187928925499428,0.0007758809177394638,-0.002321287896484,0.0018325957353226,-0.00034941492386855803,0.00042180676744047054,-0.0015882496489211,0.0006108652451075,-0.00025106561667050104,0.0006742164477198912,-0.0021991149056702,0.0020769418450072,0.0011085359716994248,0.00046026560253380753,sitting_table
-0.5132673919573435,0.8221761282352209,-2.685716009140015,1.1362607002258291,-0.677228991985321,1.6293803786460628,-4.88350830078125,2.141396903991699,-0.437352304853499,1.535116916150423,-4.255149984359742,2.8835524559020995,2.309484765596572,1.1157350777602522,-0.5345687880665062,1.281856289753165,-2.376754522323608,2.3462112188339233,0.01775479825027271,0.8254365005074774,-1.7732196569442749,1.5957021951675414,-0.11645962667744618,0.2389388893594803,-0.6387207031250001,0.4811174631118772,1.4504001389447767,0.7539951192441341,stairs_pocket
-0.009321602251380597,0.004246862423323933,-0.0191232718527316,0.002336461469531,-0.008961685223504821,0.004292223158298654,-0.0207846444100141,0.0023799397051334,0.0440372772216796,0.0024562524246615467,0.0380529403686523,0.0495359420776366,0.046274966124179764,0.0027258488991425537,0.00037323866784570394,0.0007234802015967416,-0.0020769418100825,0.0020769418915733,-0.0003958406813907942,0.000519816027769698,-0.0020769418450071,0.000855211354792,-0.00042088615818645285,0.0006472556088656064,-0.0020769418450071,0.0010995574528351,0.0011794770434406365,0.000538456082264675,sitting_table
-0.10738525132834878,0.8585861492651263,-2.010259985923766,2.014037227630616,-0.08239234447479266,0.8390142221955101,-2.1145490646362304,2.22930269241333,-0.5662548574805263,1.5065017281989095,-4.004700326919556,2.6828435420989987,1.7947810766772836,0.9021664190291552,-0.1477792981145902,0.8931558103460658,-1.5376699924468993,2.2102325916290284,0.12945883796643484,0.7424543418813067,-1.6255124092102051,1.8989356994628903,0.02414811385702349,0.20139594537958758,-0.4030488878488539,0.6615670561790467,1.0835640751158013,0.49889202460971716,walking_pocket
-0.008411316011100926,0.00458151131358678,-0.0190321192145346,0.0046997264027595,-0.008394228367134856,0.004250964606281441,-0.0182753339409827,0.0023799397051334,0.045602418899536035,0.0026503149982283966,0.0394561767578124,0.0524158477783202,0.04752207568686022,0.002888363211540058,0.0003219259863835562,0.0007700821045826887,-0.0020769418100825,0.0018325957469641,-0.0003292563713621021,0.0005374047748916201,-0.0020769418450071,0.000855211354792,-0.0004208861591177733,0.0006922751552990243,-0.0020769418450072,0.0010995574528351,0.0012029953170162734,0.0005456666931672306,sitting_table
0.0633788563162091,0.8422421661163796,-2.4176529407501217,1.743128824234009,-0.060541431427001705,0.739765853938872,-1.9497266769409176,2.19873161315918,-0.3412943891212348,1.177313700938269,-3.1446061134338383,2.2306139945983885,1.453589708613997,0.802458805706924,0.005557045098859987,0.8145530249428715,-1.3074959516525269,2.028561329841614,-0.04155899328959599,0.8630535661542418,-2.2356446266174315,1.4594792485237125,0.02025262664584447,0.22042491076304127,-0.3539353251457214,0.711291491985321,1.0850131529805436,0.5253141305243221,walking_pocket
-0.0068758446406572225,0.004154155816383943,-0.0184424690902232,0.003046154230833,-0.007806472243741086,0.004562896017527104,-0.0178797181695699,0.0045714259147643,0.04368360519409171,0.002847974583119405,0.0351831436157226,0.0509643554687499,0.04532314054058661,0.0028787198084216908,0.0004092797207995153,0.0008814918028303221,-0.0014660766115411,0.0029321532696484,-0.0001612684284918723,0.0006026147345396264,-0.0014660766115411,0.0012217305018566,-0.000268169846385697,0.0006558893003613697,-0.0021991149289532,0.0013439035392365,0.001207724772221701,0.0006092623537124923,sitting_table
-0.30664730963856074,0.7591613972245659,-2.685716009140015,1.7094425320625295,-0.05943928480148315,1.4231723610944107,-4.066236686706543,3.2892597198486326,-0.5055159186795355,1.396586258539613,-4.065936946868897,2.543276786804199,1.948421547386306,1.0448260651555625,-0.4015247804187237,1.0905095763693191,-2.213286876678467,2.1157928705215454,-0.06063143247296118,0.723304350819235,-1.9215377807617189,1.5957021951675414,-0.058513560896739494,0.2316720680360093,-0.6048787653446198,0.4811174631118772,1.2074360656518208,0.6855598232552984,stairs_pocket
-0.0036315370388704843,0.00503539238472691,-0.0215844191610812,0.006861238181591,-0.010510883371185694,0.005280310693548276,-0.0202851153910159,0.0090746141970157,0.03292151846066861,0.005105445039661618,0.0199144363403319,0.0423458099365234,0.035552880208547466,0.0047435608625879784,0.00036219990079647393,0.0008174211665295502,-0.001710422663018,0.0029321532230823,-0.0001221730500210212,0.0006035656727915606,-0.0018325957469641,0.0013439035508781,-0.0001400670848640878,0.0007099748841324984,-0.0017104226863011,0.001710422663018,0.0011758072911034721,0.0005599711170385616,sitting_table
-0.0072598182093351294,0.004477717679239113,-0.0163214221596717,0.0068114321678876,-0.008850135650485688,0.004293749476192898,-0.0210211567580699,0.001651445031166,0.046345623970031634,0.0029110277416825882,0.0385093688964843,0.0533731460571288,0.048119023779150775,0.003206744503057237,0.0004624249964835869,0.0006674721459829008,-0.000977384392172,0.0023212879663332,-7.269296701996011e-05,0.0005116508820835361,-0.0018325957702472,0.0010995574761181,-0.0004978551795356448,0.0006406442930903218,-0.0018325957818887,0.0009773843805305,0.0011558736899649376,0.0004942677285291625,sitting_table
-0.00758982375450423,0.003412380262583662,-0.0159481950104236,0.0010445289313793,-0.0095018857251852,0.004344617470351627,-0.0185689441859721,0.0026193149387836,0.04701684379577628,0.0034622291063292304,0.0375659942626952,0.0552949905395507,0.048873119890657894,0.003499826942105591,0.00038056905043774673,0.0006262264594564083,-0.0014660766115411,0.0017104227445088,-0.0002357939875218717,0.0005579898375291543,-0.0020769418333656,0.0010995574411935,-0.000383623377827418,0.000619223877463526,-0.0018325957120395,0.0014660765882581,0.0011242294452232036,0.0004074955408120941,sitting_table
-0.06834338820725773,0.728920437515849,-1.8500899553298955,1.8906339406967156,0.4398277239799499,1.5071859498409064,-3.1252442359924317,3.227458190917969,-0.39880925329029565,1.2769126233706425,-3.452461051940918,2.3721858501434325,1.9879308782468383,0.9059113665190277,-0.13183205148746477,0.8023071108215544,-1.7665001153945918,1.7341242671012878,-0.07842959864879978,0.4304926891880221,-1.6606982231140135,0.6273586064577101,-0.006582685437402742,0.2212071384530549,-0.5590638756752014,0.6095213294029235,0.8364755453100026,0.44546443827988375,stairs_pocket
-0.007634050959721135,0.005598912422238039,-0.0203056253492831,0.0046997264027595,-0.009554863087832852,0.004335009229029583,-0.0182753339409827,0.0027348078787326,0.04596450328826895,0.0038208159274732995,0.0351701736450194,0.0562376022338866,0.04810536808381523,0.0035583199442740464,0.000401338470517626,0.0007322579278916401,-0.0021991148591041,0.0017104227095841,-0.0002755002279299944,0.0005233761938017486,-0.0013439035625196,0.000855211354792,-0.0004410447119734941,0.0006741711133823819,-0.0023212879896163,0.000977384392172,0.0011894299427495768,0.0005257754656314252,sitting_table
-0.005952027997001929,0.0038923263241677102,-0.0158997789025306,0.0055317003279924,-0.008679611295461577,0.004158582505023126,-0.0247204292565583,0.0020218960940837,0.04623948192596426,0.003004220031530736,0.0370906829833984,0.0552886962890624,0.047758980718992323,0.003039727389807611,0.00023335052450419196,0.0008885633545103501,-0.0015882496489211,0.0021991149056702,-0.0002608394614071301,0.0006410820213201573,-0.0023212879663332,0.0012217305134981,-0.00036468655389031927,0.0005974542814784276,-0.001710422663018,0.0010995574411935,0.0012485704636154874,0.0004974840926493977,sitting_table
-0.006000591259449643,0.004523165311801083,-0.0178615644574164,0.0048053007572889,-0.00893111246451728,0.004481453953900855,-0.0220416121184825,0.0035559013485908,0.04539392185211172,0.0030105306465267557,0.0370786666870116,0.0538370132446288,0.04706485858919082,0.0032695968771949417,0.0001826487092766844,0.0007451149364650774,-0.001954768761061,0.0026878070551901,-0.00033475415897551747,0.0006265931624538051,-0.0021991149289532,0.0015882496489211,-0.0002675589805585001,0.0007543582168888088,-0.0025656340993008,0.0012217304902151,0.0011878771799256067,0.0005628746504069495,sitting_table
-0.15138830179348553,0.8335524623356676,-2.392277705669403,2.1111059308052065,-0.14739689922332766,0.7267166794754342,-1.9595853805541992,1.9706656455993652,-0.4705091846883301,1.2616302560273855,-2.8122122764587405,2.864032363891601,1.5749508203935516,0.7675043574050876,-0.005470908502291238,0.8330226614823076,-1.1803138256072996,2.1149376153945925,-0.17601104858424488,0.8087739181281991,-1.6906306743621822,1.8296635866165163,0.04931454054801726,0.22086629318896842,-0.4643797636032104,0.6549697339534759,1.060545558764354,0.5477451877864535,walking_pocket
-0.044793642550706815,0.9071207333189835,-2.5980021715164185,2.2800336122512816,-0.13413968086242675,0.7535690365726311,-2.4396921157836915,1.499099063873291,-0.6323078770935535,1.3758190396577046,-3.2265873908996583,1.870445728302002,1.7596359721498585,0.7704913965459177,-0.03820656799152493,0.9183438474545133,-1.341826605796814,2.1315531492233277,-0.04934080736991014,0.9205173695626373,-1.906021785736084,1.8377269744873048,0.0635764109544689,0.2431237430770614,-0.4695110321044922,0.7194770812988281,1.2173694645078064,0.5180321523111198,walking_pocket
-0.18602735258080155,0.7322020514067372,-2.044477319717408,1.8528651237487783,0.39741714763641356,1.466001365725984,-4.207631683349609,3.721295547485352,-0.4293309310972691,1.136101919564407,-3.425312900543213,2.0452486515045165,1.8606029950842815,0.9356992876672985,-0.12519133317877987,0.8017166708056879,-1.8283196926116945,1.2817174673080447,-0.12718214266560982,0.48597679792978743,-1.5927700519561767,0.7397578179836273,-0.022393098198808838,0.19893790770986894,-0.5849645614624024,0.5040860056877136,0.8581985519911518,0.45913587857916005,stairs_pocket
-0.46606481491029333,0.7265894035737939,-2.470180273056031,2.039063045382499,-0.49787206149101254,1.5121689060329755,-4.774532508850098,2.427910900115967,-0.3106620507091284,1.5537677576817641,-4.281460094451904,3.0139646530151367,2.116134029777703,1.136961471004296,-0.3602608299013227,1.3038391759252455,-2.6047293663024904,2.5291043519973755,-0.23972734870482237,0.7277256875737091,-1.8433469772338864,1.4629000663757323,-0.042364727531326946,0.2763800609394282,-0.5656612098217011,0.6484945297241211,1.4043278164888275,0.7168836776987333,stairs_pocket
-0.006489222832024017,0.004403503957108876,-0.0184996783733367,0.0058682817965745,-0.008614436263218447,0.00453045974858447,-0.0179710935801267,0.006605103611946,0.03979165935516348,0.004968726997248802,0.0279584884643554,0.0504873275756835,0.041663025118543855,0.005320686575793527,0.0002706133060855523,0.0006335734798078917,-0.0013439035392366,0.0019547688192687,-0.00027427849883676544,0.0004965333208722063,-0.0014660766115411,0.0010995574179105,-0.00023762657924086453,0.0005846010109290444,-0.0014660765882581,0.0013439035625196,0.00101626086386247,0.00039711388940716867,sitting_table
0.219863481447101,0.8142426223672867,-1.6559289813041684,2.59375901222229,-0.1106215987205505,0.7369621681250627,-1.6229482650756837,1.9958945274353028,-0.8166447604969147,1.3397097192881904,-3.532377672195435,1.8597245693206783,1.7044106069511105,0.9013624648265034,-0.0376183052584527,0.9209244119815642,-1.3176363468170162,2.191173624992371,0.1292975714690987,0.758583697969864,-2.29086685180664,1.5735888957977298,0.026265373182832282,0.2203092290422328,-0.4340808421373367,0.7898487567901611,1.0882252978147795,0.548470041906018,walking_pocket
-0.009793921431526454,0.00546161701516364,-0.0241245549172162,0.0026225764304399,-0.009837323434650823,0.0042591006596945594,-0.0211920946836471,0.0014598593115806,0.04560509777069083,0.003384161247688982,0.0365550994873046,0.0552785873413085,0.04816607353780466,0.003425117018725388,0.0004948008538921947,0.0006428430804738701,-0.0013439035625196,0.0021991149289533,-0.00032436944800424695,0.0004600080496144986,-0.0014660766115411,0.0006108652567491,-0.0003127630072994821,0.0006925938983965525,-0.0018325957586057,0.0015882496489211,0.0011703621857791968,0.00042192989470314786,sitting_table
-0.008467087896540673,0.004910693608021879,-0.0202194150537251,0.0037634562700986,-0.007495029939338506,0.004481303024470652,-0.0203958380967378,0.0025075666606426,0.04196408557891837,0.0030913786865774317,0.0327804565429687,0.0514480590820311,0.04396068698219346,0.0031374496583800484,0.00029199358978074697,0.0007361820646420186,-0.0015882496372796,0.0020769418450071,-0.00015149458206722524,0.0007324486850877624,-0.001954768761061,0.0014660766115411,-0.0002840523411286644,0.0006130026090864479,-0.0019547687959856,0.0013439035508781,0.0011993702817423145,0.00044535993623621696,sitting_table
-0.4192793308049449,0.7756469648419316,-2.0370800375938423,2.0734703302383415,-0.2434591362476349,1.7705488588589373,-4.7285257339477536,3.2607575416564942,0.20300075495243056,1.5917922547270782,-3.668399381637573,3.453001356124878,2.347083080849498,1.0057125846750254,-0.3516830636708182,1.1993783963395317,-2.417560338973999,2.2766947984695434,0.13222911348915642,0.8496697320471592,-1.7200743913650514,1.61891508102417,-0.11233567614038481,0.2513758645424932,-0.5646838486194612,0.6394537329673765,1.388945596725911,0.6628200605862763,stairs_pocket
0.24756557856500153,0.7200563707696884,-1.0945835292339323,2.0065312147140504,-0.07189082670211791,0.7448876524607347,-1.923067092895508,1.7215212821960448,-0.5918654715567827,1.3641077667429995,-3.2698269844055177,2.2981151580810546,1.5958079854968161,0.8908337034165326,-0.06683232070482335,0.8480943765261009,-1.386297583580017,2.061670207977295,0.19717997066001408,0.7762850599511573,-1.86265025138855,1.8213557958602904,0.08057923416537235,0.2484622866988552,-0.2616946697235106,0.7844731569290161,1.0770789907611529,0.5174719703539908,walking_pocket
-0.006861980307847178,0.004656396394987132,-0.0166901379823684,0.012876784056425,-0.009020128333941028,0.004384043833326169,-0.0188830405473708,0.0026193149387836,0.048067136764526265,0.003222291292460711,0.0375659942626952,0.0552949905395507,0.04979081905829121,0.0032948973644431052,0.0002877175316097982,0.0005601883533318893,-0.0012217305251396,0.0015882496605626,-0.0003335324264480384,0.0005979854055802932,-0.0020769418333656,0.0009773844038135,-0.0002119702447671214,0.0006342360961466048,-0.0018325957818887,0.0014660765882581,0.0010539452475508823,0.0004443285880183699,sitting_table
0.23413421770185253,0.7556005101454749,-1.6023364782333374,2.1640316009521485,-0.19450812196731582,0.7925340825273004,-1.775579833984375,2.1586368560791014,-0.5126703830212358,1.5882282244771273,-3.9477587223052977,3.363325071334839,1.7613652812716967,0.9801954724618633,-0.15681583069078622,0.8175489136342109,-1.2422555685043335,2.096856021881103,0.42574925085064025,0.7395037058884688,-1.4994298458099364,1.87572283744812,0.06621901519765387,0.20200016376909974,-0.4278500199317931,0.6902777314186096,1.1118232197030542,0.4743294221474439,walking_pocket
-0.28340989054739474,0.804263840244636,-2.973784017562866,1.8569708108901977,-0.23991693067550657,1.7699725422490726,-4.59655876159668,3.1222535133361817,-0.4532099947649985,1.6402037712632334,-4.451793384552002,3.1463897705078123,2.344797097255708,1.135436139330929,-0.23035851012729103,1.303932824087561,-2.496484136581421,2.8175548553466796,-0.01651657494378747,0.7132114683853511,-1.982990765571594,1.4291803121566773,-0.02245540710148638,0.23298770043918884,-0.4977329961955547,0.6734178423881529,1.282008625393399,0.81578317255552,stairs_pocket
-0.008802616724744347,0.004246377664985567,-0.0192235261201857,0.002336461469531,-0.00952690900303415,0.004605143207836005,-0.0216344665735959,0.0012651078402996,0.04131130981445304,0.0035254383331885207,0.0322875976562499,0.0480926513671874,0.04373550017102635,0.00368179597544851,0.00044226644182341306,0.0006793546773244655,-0.0012217304785735,0.0021991148940286,-0.0003402519431546866,0.0005269297407470506,-0.0017104226746595,0.0010995574528351,-0.00039584068086694025,0.0005008563442062134,-0.0017104227212257,0.000610865256749,0.0011300368723450207,0.000420769974922708,sitting_table
-0.008145526416599668,0.004865801459815063,-0.0193416319787501,0.0036382030695676,-0.009719684513285667,0.004549488494532393,-0.0235086321830749,-0.0003803126513957,0.04327699184417716,0.005102908888636082,0.0298624038696288,0.0539018630981444,0.045573000842423335,0.005197889572712141,0.0003133738741162077,0.0006888951295272524,-0.0014660766115411,0.0018325957586057,-0.000311541278904739,0.000666445662672649,-0.0019547687843441,0.0012217305134981,-0.0003329215606790633,0.0006589970481169469,-0.002443460933864,0.0015882496489211,0.0011910565429787152,0.00048465979726563656,sitting_table
-0.04125218304246709,0.5963877676393199,-1.2031253933906558,1.7572137713432308,0.2863725037574768,1.6137997845104362,-3.749456596374512,2.9018120765686035,-0.10278769117593772,1.4897642113702299,-3.732485628128052,3.8630379676818847,2.1040104011730643,0.9083337699732593,-0.08031228729151188,0.7828592521409863,-1.7015040636062622,1.524230968952179,0.30568185684434135,0.5252497135731764,-0.5832541406154632,1.924958562850952,-0.045671950563788456,0.21569122390923046,-0.5216789275407792,0.4382347315549849,0.9155156871048885,0.44202662133405407,stairs_pocket
-0.008095863133668814,0.0038896368963888435,-0.0163214221596717,0.0021167036145925,-0.007943762900307705,0.004084937478741238,-0.0175556827336549,0.0020218960940837,0.04591255092620841,0.0027136850473430786,0.0370906829833984,0.052396011352539,0.047619411902757224,0.002832774272783163,0.00026083946233847064,0.0007932556341381592,-0.0014660766115411,0.0023212879663332,-0.00025717427104243035,0.0006601865258113415,-0.0023212879663332,0.0010995574761181,-0.0002962696466128969,0.0005737536814336974,-0.0018325957818887,0.0009773843805305,0.0011658116296621628,0.0005014124223262338,sitting_table
0.1326909371279181,0.8004060429001773,-1.7634305715560914,1.9710241556167605,-0.02081524419784494,0.7204461779294371,-2.050537872314453,1.5755554199218755,-0.44806001058220907,1.1296942810155899,-2.9158871173858647,1.6784977436065671,1.4744912946029791,0.6861117181154286,-0.055029184975661165,0.9020316049424282,-1.5399912834167475,2.1275214672088625,-0.03346808636980079,0.8024572450078409,-2.2367441654205313,1.4195286273956305,0.038546207873965704,0.23072180719489918,-0.3649308964610099,0.7391469359397889,1.1222937293716853,0.5006206819510884,walking_pocket
-0.006677955087274232,0.00419179250707935,-0.0175068005919455,0.0061933979392051,-0.009198772856965584,0.00433192056142278,-0.0214757457375526,0.001183196157217,0.047720208168029694,0.0032334551238408058,0.0399553298950194,0.0557670593261718,0.04942266984173825,0.003231194107889316,0.000356134440982694,0.0007650593413684606,-0.0018325957236811,0.0028099800925701,-0.00010445795912526472,0.0006357622125150162,-0.0015882496722042,0.0013439035625196,-6.414085277355288e-05,0.0006012661629304344,-0.0015882496372796,0.0012217305018566,0.0011239750361919062,0.0004732148212612405,sitting_table
-0.09549948625266637,0.7342833880067939,-2.4166225671768196,1.8906339406967156,-0.15818582367897036,1.3868455714025807,-4.177866363525391,3.069685173034668,-0.6822623169049621,1.4496102029928064,-4.36370439529419,2.325900411605835,2.001036110504254,1.0206620776107709,-0.21862989298254235,1.0566852523426258,-2.3229983329772947,2.1840875864028932,-0.0568318466597704,0.6791350934878041,-1.8716910839080811,1.403035306930542,-0.02226115103985652,0.2454581183234033,-0.5590638756752014,0.617096072435379,1.094080495957586,0.6977205616649574,stairs_pocket
-0.20927922023832793,0.7481644503067691,-2.665834981203079,1.974304699897766,-0.20223310279846138,0.8455714464712741,-2.0817703247070307,1.956957435607911,-0.42119451653212325,1.4779923314728527,-3.847094583511352,3.2153587818145746,1.739715259620204,0.8251073275926734,-0.13640437866095437,0.8992662236077757,-1.519466209411621,2.139494442939758,0.08898595805466222,0.7806971896433806,-1.797409915924072,1.81231496334076,0.05825088763138055,0.19302222363328342,-0.2679254919290542,0.5600412607192994,1.1218080310558756,0.4698046821402479,walking_pocket
-0.009033502228557982,0.004856232481197136,-0.0199197612702845,0.0082601133733987,-0.005596804320812173,0.0050545058106703546,-0.0204137362539767,0.006241938471794,0.03754866313934317,0.003423307263432126,0.0279146194458007,0.0480606079101562,0.03960936356135032,0.0038140981769979785,0.0001557706399471261,0.0006272748069096893,-0.0021991148823871,0.0014660765998996,-0.00045387288398337377,0.0005839822644132443,-0.0020769418915733,0.0017104226979426,-0.00022052235284354034,0.0006935741087486787,-0.0020769418217241,0.0014660766231826,0.001133745261080339,0.0004516781895287426,sitting_table
-0.16726666772365648,0.7543025503296101,-2.470180273056031,2.039063045382499,-0.48756522345542913,1.4533173760625058,-4.774532508850098,2.427910900115967,-0.8233477828726172,1.6584024998327922,-4.36370439529419,3.0139646530151367,2.2431847154269526,1.1500349397440919,-0.35278628360107533,1.3842185677586074,-2.3229983329772947,2.5291043519973755,0.033296432202681775,0.758178460632186,-1.8716910839080811,1.4629000663757323,-0.063978971114615,0.2811308793833299,-0.5601634383201599,0.617096072435379,1.4455932659595374,0.7745971715774774,stairs_pocket
-0.5470594255626211,0.7425787492492102,-2.8910812735557565,1.1511319279670706,-0.5565459101200103,1.5453936771437755,-4.613946723937988,2.4405181884765623,-0.5652091886699201,1.6612989441159733,-4.787255907058716,2.687923312187195,2.279401202714649,1.1878319645437472,-0.3783729878468438,1.2292187626673543,-2.3959356784820556,2.4720494747161865,-0.2545585424834864,0.8237585561098221,-1.689286708831787,1.395094060897827,-0.06166745841747622,0.28401895938210836,-0.687834256887436,0.7678576111793517,1.406271424251367,0.7039317451484001,stairs_pocket
-0.00916830117441704,0.00453724922761207,-0.0225308202207087,0.0026549730449914,-0.0069480132199823234,0.004422686406181247,-0.0184437554329633,0.003032874315977,0.04096555709838858,0.003370160818681033,0.0289323806762694,0.0490444183349609,0.04303301630600471,0.0031569108708518322,0.0001374446828267421,0.0006926261105020655,-0.0015882496372796,0.0020769418450071,-0.00021746802906270825,0.0006827248067654386,-0.001954768761061,0.0013439035392366,-0.00014172073948427678,0.0005456106783666886,-0.0014660765998996,0.0013439035508781,0.0010631888974197098,0.0004406652673503702,sitting_table
-0.007386736810207284,0.003979977781209999,-0.0159460306167601,0.0040418595075607,-0.008745195496827292,0.0043503557583469635,-0.0201113015413283,0.0051111437380313,0.04283195114135733,0.0029183129075563904,0.0356519699096679,0.0490581512451171,0.044716074462959735,0.0030336479733753543,0.00024068090802756173,0.0006126320519011315,-0.001099557452835,0.0020769418217241,-0.0002657263837754433,0.0007219483509064948,-0.0025656340410932,0.0015882496605626,-0.0003084869525627745,0.0005300605940969696,-0.0014660766115411,0.0009773844154551,0.0010901346487838567,0.000456018034250964,sitting_table
-0.009104132216423661,0.004653489508973124,-0.0189222507178782,0.0016123209148645,-0.006198885191231906,0.005456576309191188,-0.0179340314120053,0.0067674741148948,0.03688393020629874,0.0031576797448129267,0.0274757385253905,0.0442382812499999,0.03911665314008161,0.0035749387251050287,0.00030909781693480196,0.0009058451572363809,-0.0018325957353226,0.0023212879663332,-0.00022602014447326805,0.0006189464373541092,-0.0017104227328672,0.0012217305134981,-0.0002052507224143418,0.0006165192083573958,-0.0018325957236811,0.0009773844038135,0.001206979233744503,0.0005561740261263614,sitting_table
-0.005821795670315551,0.004103629016749888,-0.0137826189398765,0.0058682817965745,-0.009124425407498995,0.0037813875329913054,-0.0179710935801267,0.0008645206689834,0.04102156734466544,0.0032770484091090768,0.0327882766723632,0.0504873275756835,0.042782143386834386,0.0033660974521843696,0.0002553416724549362,0.0006779875534211281,-0.0013439035508781,0.0019547688076272,-0.00020769418607230686,0.000508253583000337,-0.0015882496489211,0.000977384392172,-0.00038973202911433605,0.0006311433813023585,-0.0025656340178101,0.0010995574644766,0.001076529878210509,0.00046165516234092504,sitting_table
0.057727433778344654,0.6976614665958562,-1.2692655205726633,2.0211896657943713,0.4697432012557984,1.6834233613029992,-3.2486101150512696,3.728213119506836,-0.24244104349613185,1.4906277109377046,-3.452461051940918,3.997874402999878,2.210664436306002,0.9566667245694489,-0.2084290564710389,0.8313355455405645,-1.8589850902557372,1.19851758480072,0.3220890832208094,0.5207731720087497,-0.5389053225517275,1.6839111328124996,-0.10963870602450339,0.23599058735863684,-0.7452556014060974,0.3864333480596541,0.9806755486745629,0.4598504577448781,stairs_pocket
-0.009675978073850185,0.0038975870997967088,-0.0191121853888034,0.0003414768725633,-0.007542607441544449,0.0045878370809327995,-0.0185277193784713,0.0054540663957595,0.03843018913269034,0.00447929117297321,0.0284523010253905,0.0485773086547851,0.04075807744329417,0.004723086130075017,0.0003268129088100776,0.0007142713033880939,-0.0015882496489211,0.0020769418799317,-0.00024007004441225471,0.0006505706671688225,-0.0017104227328672,0.0012217305134981,-0.00032314771437084083,0.0006508611321553113,-0.002443460933864,0.000977384392172,0.0011728815134020034,0.0004946694506514454,sitting_table
0.06157028937339801,0.7732943468286254,-1.9633437633514403,1.649028515815735,-0.03887715625762905,0.714228633585136,-1.815959548950195,2.192375755310059,-0.6029614871218805,1.2102912231149707,-3.1446061134338383,1.430319559574127,1.4829645173945822,0.8563848896760448,-0.003948630698490804,0.8632845174972898,-1.3693155288696288,2.173092007637024,-0.20080789596773627,0.9389497223777425,-2.0318599939346305,1.4594792485237125,0.04756746562075577,0.23053078030348417,-0.2741563260555266,0.711291491985321,1.17386105802038,0.5813546017296545,walking_pocket
-0.010124664032831698,0.004088188830164519,-0.0203091628849505,0.0012616008520126,-0.006162087514996468,0.005131064004746153,-0.0173001836985349,0.0060124933719634,0.04026900482177725,0.0036504378884034405,0.0298500061035155,0.0499742507934569,0.04248407475628426,0.0036507387915340425,0.0004043927931342869,0.0007191327753925021,-0.0012217305018566,0.0023212879197671,-0.0003555235754465247,0.0005450261085194638,-0.0015882496372796,0.0009773844038136,-0.0003591887700021985,0.0007173836116272379,-0.0019547688309102,0.0014660766231827,0.0012443973157616425,0.0004399895698076926,sitting_table
0.2092688657157125,0.7701015601785294,-1.526779097318649,2.383168077468872,-0.06393349552154497,0.8704345258280917,-2.050537872314453,2.4457646369934087,-0.5457480103075508,1.2832174124205937,-2.921428155899048,2.2064923286437983,1.6193464475567885,0.8422342443883882,-0.009017594115808446,0.9521773538001603,-1.5399912834167475,2.1275214672088625,0.05798088604537824,0.7617037683504366,-2.2367441654205313,1.4003474712371833,0.07682180224906197,0.21719494916362342,-0.2497217155992984,0.7391469359397889,1.1332313044702178,0.5027256860349659,walking_pocket
-0.008625065639614977,0.004115209051491407,-0.0173261642456054,0.0030057977885007,-0.007632224278524449,0.003972857708897841,-0.0183847308158874,0.0032478801906108,0.04408942222595206,0.0029643191437294532,0.0366027832031249,0.0509830474853515,0.0459244631085081,0.0029674360585768217,0.0003042108938097782,0.0006239240387708678,-0.001221730490215,0.0017104226746596,-0.00024923302320527295,0.000654302660580704,-0.0019547687727026,0.0012217305134981,-0.00025228734826665663,0.0005664702897039799,-0.0017104227328672,0.0009773844270966,0.0010716128533823672,0.00045118105694087626,sitting_table
0.20161718695983322,0.8388714541020034,-1.8902270495891569,2.1445558547973635,-0.1758272705078127,0.7838861540200129,-2.0666410446166994,1.9837380409240724,-0.5673561336696151,1.4895357103075213,-3.9477587223052977,2.699853944778442,1.766392484591029,0.8924756635175606,-0.06863621304929252,0.9187240276674847,-1.2422555685043335,2.209377384185791,0.2983307030843571,0.6889058394282498,-1.495764636993408,1.87572283744812,0.07314256159210353,0.21755597921054048,-0.2607172846794127,0.7027393698692322,1.1117200002490606,0.4726557425553446,walking_pocket
-0.34237117947638124,0.8318759429061017,-2.8910812735557565,2.0211896657943713,-0.2261006605625152,1.7222972984750966,-4.613946723937988,3.728213119506836,-0.15333233465254306,1.5551663091845,-4.787255907058716,3.997874402999878,2.2399386544915645,1.1077654818936655,-0.22481123913358886,0.9217703369018891,-2.3959356784820556,1.7260608434677125,-0.0008338334206494124,0.866404761259018,-1.689286708831787,1.6839111328124996,-0.09706465517811017,0.26315243009956146,-0.7452556014060974,0.7678576111793517,1.198890188170671,0.5341068564861184,stairs_pocket
0.04125411316007412,0.9624382269493246,-2.010259985923766,2.735345482826234,-0.15900285625457777,0.904917928413546,-2.1762243270874024,2.1670445442199706,-0.6696095698177816,1.5140368016270664,-4.004700326919556,2.6828435420989987,1.9089905060700614,0.9233976545257344,-0.11601247670128924,0.9320053614367922,-1.5376699924468993,2.2102325916290284,0.14812749139219542,0.7633436465890617,-1.6401731729507445,2.212553930282593,0.05398155107884671,0.22401119915009574,-0.3876550823450088,0.737803053855896,1.1306961141465168,0.5050916081669141,walking_pocket
0.2542771359183829,0.8905125227987035,-2.053840684890747,2.2437196969985966,-0.04884013414382955,0.9530288382584802,-2.3544607162475586,2.3747724533081054,-0.5438654648289087,1.6501329623058512,-4.212202787399292,2.987826824188232,1.890161869051205,1.0946256144857471,-0.11078469022735937,0.9688648109572267,-1.5600276708602905,2.243097162246704,0.28109574934700526,0.8569121547089221,-1.8809762477874756,1.79826512336731,0.03666352085373368,0.22615791266857468,-0.4454429358243941,0.7700567245483398,1.2451338435709944,0.5090123782302028,walking_pocket
-0.008839330114424131,0.00397174106847739,-0.0203091628849505,0.0012616008520126,-0.008291725307702936,0.0046202127514398525,-0.0216344665735959,0.0060124933719634,0.04068474388122549,0.003668626966745256,0.0322875976562499,0.0499742507934569,0.04289619966634167,0.003527055733593374,0.0004538728788611037,0.0007582248532260228,-0.0012217305018566,0.0023212879197671,-0.0003433062710682416,0.0005274294942214377,-0.0013439035508781,0.0010995574528351,-0.0002974913769867054,0.0006221890036041019,-0.0018325957469641,0.0014660766231827,0.001211758879833048,0.0004229666086820202,sitting_table
-0.008145917329937143,0.005014455536425628,-0.0203056253492831,0.0042490161955357,-0.010034399697557005,0.00422077588468354,-0.0217737156897782,0.0027348078787326,0.044845990180969145,0.004164680723634586,0.0351490020751952,0.0562376022338866,0.04716546037315728,0.0037011592733559966,0.0004728097040205729,0.0006924498412684842,-0.0021991148591041,0.0020769418333656,-0.0002669481123448033,0.0005176235462611886,-0.0013439035392365,0.001099557452835,-0.00038362337928263187,0.0006706293975358372,-0.0023212879896163,0.0012217304785735,0.001164961770900743,0.0005266945984085348,sitting_table
-0.058960299361496805,0.8045330677580412,-2.1460755348205565,1.6932480931282048,-0.11900893402099609,0.693751667114213,-1.9595853805541992,1.587119197845459,-0.5990982790887359,1.268820584497684,-3.1281673431396486,1.945708036422729,1.5713976790161077,0.7970080240893649,-0.029694161372259067,0.8706226991549907,-1.29246871471405,2.119702386856079,-0.12445707452273896,0.8084977219780707,-1.657888269424438,1.5657697916030888,0.04586131940083578,0.2005228880690583,-0.3502701312303543,0.6439741432666778,1.0787957674618858,0.5484348028500048,walking_pocket
-0.006142914092168133,0.004137104402489326,-0.0169448040425777,0.0056779082864522,-0.006931431017816004,0.0047287612887424975,-0.0194826204329728,0.0054818041622638,0.036108636856079006,0.0036864089518573243,0.0260295867919921,0.0432937622070312,0.03779016796457393,0.0037934200238157233,0.0002718350372160676,0.00069710577375753,-0.0015882496372796,0.0019547687843441,-0.0002406809109379214,0.0005262221669767654,-0.0015882496605626,0.000733038294129,-0.00037079520930999364,0.000518390976593649,-0.0020769418799317,0.0009773844038136,0.001048998129029991,0.0004430944828827496,sitting_table
-0.007222515705972829,0.004066437105329432,-0.0174616076052188,0.0032693173736333,-0.009410810515284465,0.004032784608129049,-0.0171078760176896,-0.0003219790756702,0.03992483806610099,0.0028161873967129276,0.032756233215332,0.0461753845214843,0.04202659849932134,0.0030095866708990406,0.00037690385885067167,0.0006985396370739168,-0.0013439035508781,0.0019547688076272,-0.00017531832592792532,0.0006278293888605724,-0.0019547687843441,0.0012217305134981,-0.00037995818577469815,0.000694340699978938,-0.0025656340178101,0.001221730490215,0.001187016819900462,0.0005166256172843798,sitting_table
-0.009090179031714704,0.004213995698965838,-0.0225308202207087,0.0026549730449914,-0.008257258277386346,0.004282992650215566,-0.0184437554329633,0.003032874315977,0.03894816303253165,0.0030373459901213264,0.0289323806762694,0.0461505889892577,0.04127639337709787,0.003029676110847142,0.00018020524905294473,0.0006580858711312486,-0.0014660766115411,0.0018325957120395,-0.00028955012949879034,0.0005842304185772479,-0.0015882496722042,0.0012217305251397,-0.0002761110949213308,0.00047344992787287464,-0.0015882496722042,0.0009773844038136,0.001018136435538905,0.00038763940850666253,sitting_table
-0.22809280266054063,0.6926551873725575,-2.044477319717408,1.690655127167701,-0.17911063814163206,1.4513884135514208,-4.207631683349609,2.6625901222229005,-0.3608698134794831,1.2801264089070983,-4.074120235443115,2.3275666415691374,1.8224004811819554,1.0500483350274776,-0.13437447331094865,1.041657489240547,-2.204368352890014,2.4489587783813476,-0.14250508732907488,0.6215674183794253,-1.5927700519561767,1.21586617231369,-0.024555560962529935,0.24961280255390866,-0.5359731674194337,0.6539923191070556,1.06543033687285,0.6572821983753669,stairs_pocket
-0.0512390250321474,0.7458966158584218,-2.4409360408782956,1.6144437551498416,-0.2102834062576296,0.7939834435082788,-2.128085136413574,1.794534397125244,-0.5375250847190621,1.3510378041678646,-3.932299184799194,2.111834645271301,1.5953009607414868,0.8898121620458525,0.007580839582719063,0.9470461907577241,-1.4631444215774534,2.138639235496521,0.005612017433159124,0.7530832916194948,-1.6819563627243042,1.589837908744812,0.08302697115507911,0.25861889047503883,-0.2874731898307799,0.692721176147461,1.1196971403307212,0.5271720748205694,walking_pocket
-0.010150545714422976,0.00413877415039316,-0.0199197612702845,0.0013895664364099,-0.0036451982501893867,0.004866563226976819,-0.0173001836985349,0.006241938471794,0.03767351245880118,0.003567877499997577,0.0279146194458007,0.0480606079101562,0.03968170960138992,0.0037845810490800204,0.0002755002278717896,0.0006535177923985054,-0.0021991148823871,0.0017104227212257,-0.0003286455052438744,0.00057713645563901,-0.0018325957586056,0.0017104226979426,-0.000334754159266579,0.000662889827553451,-0.0019547688309102,0.0013439035741611,0.0011317018354580896,0.00045811114135002726,sitting_table
-0.032068847835064786,0.720190677179164,-1.7289779901504525,2.0734703302383415,0.3575784046649933,1.7427405531348716,-4.473053359985352,3.2607575416564942,0.03830283060669888,1.4149585448381812,-3.378878879547119,3.1724190711975098,2.205398638786729,0.8948271068222311,-0.02356168278149544,0.8634020060044126,-2.1498791933059693,2.0179322957992554,0.12541185587597994,0.7000012094136832,-1.7200743913650514,1.6131729364395142,-0.04121080207498756,0.24912237424956318,-0.6047566056251528,0.6394537329673765,1.0348130119080832,0.48926433156949767,stairs_pocket
0.12424293152242935,0.9128068179441188,-2.392277705669403,2.4685372829437258,-0.13123288249969484,0.8058351531347592,-1.9784906387329104,2.391635036468506,-0.5052413866817955,1.430545314758007,-3.350411891937256,2.864032363891601,1.7318117027883182,0.8967594964386653,0.0030140071644565846,0.8571481551612901,-1.2902695655822751,2.0421225786209107,-0.025540277827705512,0.8508657131778525,-1.6906306743621822,1.8296635866165163,0.07110288236284397,0.25677615247799374,-0.4643797636032104,0.7143458008766175,1.119256407801219,0.5208887560275823,walking_pocket
0.1797154962867502,0.8684608511163906,-1.818599075078964,2.613245487213135,-0.04349294900894167,0.716361356301556,-1.8377130508422852,2.087191677093506,-0.7004230886101724,1.3787514609003626,-3.7450345039367674,1.766404056549072,1.7053596445590862,0.879151000045849,-0.03286394106037891,0.8858722808393793,-1.29246871471405,2.1591642856597906,0.024266011416213925,0.8225478996402823,-1.657888269424438,1.6439605712890628,0.029176146293291808,0.20541426770045013,-0.3502701312303543,0.6439741432666778,1.111896238926847,0.5133777170967001,walking_pocket
-0.48356459969282156,0.8582767150224048,-2.6883761405944826,1.266298806667328,-0.5443636629581451,1.620320202712177,-4.59655876159668,2.6970041275024412,-0.608417955832556,1.7222572003952914,-4.908997440338135,2.7546045780181885,2.4346296127666482,1.1295584091614823,-0.5199080196786672,1.4156952889358079,-2.5677109241485594,2.8175548553466796,-0.04116682035848504,0.7435070247160264,-1.42637038230896,1.4291803121566773,-0.04743674119678328,0.2475462563021596,-0.4840496242046356,0.6734178423881529,1.514131833130542,0.7679756809431124,stairs_pocket
-0.008286787908524188,0.0036941619242770152,-0.0177842117846011,0.0016424857079982,-0.007476747898384864,0.004441340481025244,-0.0172922775149345,0.0051111437380313,0.043098795890808006,0.0031034917361217416,0.0346715927124023,0.049544334411621,0.04491186890286021,0.002798389777719291,0.0003359758901060343,0.0005929519738829162,-0.0013439035508781,0.0015882496838457,-0.000174707460973859,0.0007781563967682318,-0.0025656340410932,0.0015882496605626,-0.00026145032676864354,0.000553472434215399,-0.0017104226746595,0.0013439035508781,0.0011228162287663299,0.00045740845941990763,sitting_table
0.15076253037862103,0.7720179179574376,-1.695233988761902,2.3321783542633057,-0.09078678723537562,0.8603310115294015,-2.374838447570801,2.177275371551514,-0.19185460233929177,1.248681149863216,-3.3798793077468874,2.4835277557373048,1.5047572199470838,0.8292896887843607,-0.0954171500126408,0.8570654775464971,-1.3947275638580323,2.1953275203704834,0.37626151971170924,0.6820368266025335,-1.4262481927871704,2.1502456188201906,0.06529717510119266,0.255462018207291,-0.6075665771961212,0.6936985611915588,1.0536441347063525,0.552197765601322,walking_pocket
-0.00801513240113845,0.004221346131960164,-0.0184424690902232,0.0022613182663917,-0.008619224091991708,0.004315377072616197,-0.0220416121184825,0.0018073298037051,0.04493555641174307,0.0031248976251291288,0.0351831436157226,0.0538370132446288,0.04683147431485014,0.003252645828368414,0.0002999348380253507,0.000724267700593829,-0.0013439035392365,0.0023212879546917,-0.00038851030112705564,0.0005660308515175284,-0.0021991149289532,0.0007330383057706,-0.00015332717815179435,0.0006712953810875266,-0.0018325957586057,0.0013439035392365,0.0011614876775360924,0.000453319320957055,sitting_table
0.3910657222718001,0.7738733740227984,-1.695233988761902,2.3321783542633057,-0.11515012073516846,0.8116086673047267,-1.923067092895508,2.177275371551514,-0.39816979514062395,1.4238386403575787,-3.3798793077468874,2.3637938499450684,1.6737323040033536,0.8920823619906479,-0.10507981497165747,0.8578482567176161,-1.3947275638580323,2.182132840156555,0.42214514651382345,0.7373327000519408,-1.86265025138855,1.8311296224594116,0.055444573082029824,0.2203309301049973,-0.3075095601379871,0.7844731569290161,1.1111493230210732,0.5296608296086214,walking_pocket
-0.2751397495642307,0.8112992371808758,-2.513130855560303,1.852890086174011,0.08644916486740115,1.7760025491063096,-4.504967498779297,2.964766788482666,-0.6809690980464221,1.3098772293200058,-3.732485628128052,2.9992551445961,2.2215476095878004,1.0572313724347646,-0.18507873201370237,0.9366644376678445,-2.2520158290863037,2.802038860321045,-0.13080029730312526,0.607793900270654,-2.145603084564209,1.2393234014511108,-0.013213626446668094,0.2407813489355776,-0.5952270984649658,0.6951646447181702,0.9840483598371057,0.619119155024179,stairs_pocket
-0.32792097039893264,0.847776779333634,-2.665834981203079,1.974304699897766,-0.24993838071823066,0.7633713158281491,-2.0817703247070307,1.662589645385743,-0.21754809062555466,1.3605247881886828,-3.847094583511352,3.2153587818145746,1.664347627369346,0.7661179252466036,-0.10902539613377286,0.8355704922437662,-1.2560611248016356,2.0759644746780395,-0.0347875588212041,0.8917921363551352,-1.9768821239471428,1.81231496334076,0.06297531869617531,0.23573657585933144,-0.2375044018030165,0.8305323839187622,1.1517367244413457,0.48272977946690065,walking_pocket
-0.028890654698015165,0.6293850516752362,-1.4857113242149365,1.7094425320625295,0.4362519721984864,1.6094292714207277,-4.473053359985352,3.2892597198486326,-0.48733337831497203,1.2920284527484789,-3.5195793867111207,1.87384033203125,2.0011929019643144,1.030352557793453,-0.1021873715245163,0.8829770588275023,-2.004859757423401,1.990321171283722,-0.0949706102875063,0.4175360066656793,-1.9215377807617189,0.6874677419662475,-0.007197214469779432,0.2201881599936176,-0.6047566056251528,0.3826459854841231,0.8940877087308238,0.4676208742713469,stairs_pocket
-0.20445401373133026,0.855298055321566,-2.4409360408782956,1.5446749150753023,-0.20343396997451801,0.7806678031866486,-2.128085136413574,1.794534397125244,-0.3906200529634956,1.3258005932912533,-3.932299184799194,1.9257626771926877,1.613863099465205,0.8473709388070502,-0.13332866823393835,0.8875438533950644,-1.4631444215774534,2.138639235496521,-0.026560422120615677,0.8767869763951438,-2.136928796768188,1.589837908744812,0.035354435849061734,0.24207172740503702,-0.4116010010242461,0.6893003463745118,1.1754912365596983,0.496181451361423,walking_pocket
-0.007972651720046913,0.004659364917251095,-0.0177392296493052,0.0037634562700986,-0.007745905226096447,0.004408453336252279,-0.0203958380967378,0.002197628468275,0.040391763687133694,0.0035438065171098376,0.030824851989746,0.0514480590820311,0.042369609493465,0.00365705509330619,0.0002926044545601982,0.000655912171826368,-0.0010995574528351,0.0018325957702472,-0.00024740042688787585,0.0006234968253084833,-0.0018325957469641,0.0014660766115411,-0.00030421089439183833,0.0006299062144300691,-0.0019547687959856,0.0015882496139965,0.001127648591207128,0.00042230453398707437,sitting_table
-0.4152912083566189,0.8887293678853642,-2.4569473385810854,2.156814980506897,-0.2938775527477265,1.7505979111070513,-5.441167831420898,3.033436965942383,0.30960076423734423,1.5862418136818597,-4.8600616455078125,3.647030210494995,2.318532163371844,1.1508507193883013,-0.34612479880452157,1.1492664340799648,-2.584204339981079,2.719572067260742,0.12249192028609106,0.7739995720505786,-1.6120733737945556,1.7493958950042725,-0.12196474315971141,0.18611973208868726,-0.5816658794879914,0.3345098073594271,1.2941021684456973,0.6494978389970846,stairs_pocket
0.13018456032872205,0.8247980158741774,-1.7433963298797608,2.2800336122512816,-0.1487269377708435,0.7968811720643335,-2.4396921157836915,2.0866613388061523,-0.6253213193351403,1.4896285577550183,-3.2959728240966797,2.2325551509857178,1.7977772451620317,0.8475353195954388,-0.1254155214622151,0.9163193425829291,-1.339871835708618,2.148779606819153,0.20807169980555776,0.7476941846890519,-1.5706567287445068,1.8377269744873048,0.05730648964428112,0.21055939639186577,-0.4695110321044922,0.6676757097244262,1.1253228989255566,0.48262594946030446,walking_pocket
-0.006359620722010655,0.004038854515330569,-0.0159460306167601,0.0040418595075607,-0.00864980143681161,0.004681062735495846,-0.0201113015413283,0.0045714259147643,0.043049198150634675,0.0028139459393706546,0.0356464385986327,0.0490446090698241,0.044785616969543224,0.002949846370929069,0.00034086281113558046,0.0008525840622759582,-0.0014660766115411,0.0029321532696484,-0.00021074851247246485,0.0006036317146148329,-0.0018325957935303,0.0012217305018566,-0.00042638394754608745,0.0006299062177228996,-0.0021991149289532,0.0009773844154551,0.001197020919239968,0.0006261945296726345,sitting_table
-0.13722961191833016,0.8712236388003977,-2.5980021715164185,1.6555526196956634,-0.1664108381271362,0.7870023781317235,-2.5606000900268553,1.5958615303039552,-0.5450367951691151,1.3425443661028098,-3.2265873908996583,3.229213523864746,1.7003756402873365,0.7876157818042289,0.032148005191236735,0.9286613193677047,-1.341826605796814,2.1315531492233277,-0.13165428958879788,0.84101373975178,-1.906021785736084,1.2716992616653442,0.070341744836187,0.2569681521010845,-0.4878369748592376,0.7194770812988281,1.175860585447514,0.5192147488624793,walking_pocket
-0.12735217116400593,0.901118655970046,-2.2281784057617187,1.9189743757247928,-0.08330887746810861,0.6855314946373295,-1.6269777297973629,1.622270870208741,-0.35079447681829373,1.1870484348054942,-3.033048915863038,2.057757806777954,1.5203988395250776,0.7174774808919138,-0.13378437374252808,0.8307258848566859,-1.192653274536133,2.0759644746780395,-0.12926886336429688,0.85809428105901,-1.9768821239471428,1.6569108724594124,0.053926572666212536,0.2646713615563878,-0.3649308964610099,0.8305323839187622,1.1340437251935804,0.4915991869062564,walking_pocket
-0.12192909139767291,0.787217083703153,-1.712432682514191,2.156814980506897,0.36879400491714476,1.7105683032972259,-4.255468368530273,4.105249691009521,0.16372455477714543,1.4535069808400258,-3.4841986417770388,3.647030210494995,2.2159162119976736,0.9497642167609427,-0.1544010783173144,0.8470708048080833,-1.967352604866028,1.7448754906654358,0.11865385520411652,0.6543910562314725,-1.6120733737945556,1.7493958950042725,-0.06314880444773012,0.2169928046178826,-0.6298020601272584,0.5298645198345184,0.9983868131992967,0.4828810529719686,stairs_pocket
-0.17567362392321315,0.8179920423548946,-2.288005900382996,1.7576797336339944,-0.11260772418975833,1.6024397913990114,-4.324629306793213,3.1763937950134276,-0.0036542720347643785,1.5288935937493309,-4.181925678253174,3.5930455207824705,2.0920305923176197,1.1043681038177104,-0.20400883292127378,0.8611122294560609,-2.4118181228637696,1.709567487239838,0.11300762389809808,0.8254173443669878,-1.454836678504944,1.7409659147262573,-0.1149544541189681,0.21277299998920157,-0.7294952750205995,0.3545461907982824,1.1204222288826626,0.5238232028197777,stairs_pocket
-0.006600458309054291,0.004366430137202812,-0.0193416319787501,0.0036382030695676,-0.010767290649935526,0.004270170133706865,-0.0235086321830749,-0.0003803126513957,0.04623763847351065,0.0034934021343212512,0.0380224227905273,0.0552856445312499,0.04831171727567444,0.0035661991196448703,0.00039889500883871456,0.0006591723093227333,-0.0014660766115411,0.0017104227445088,-0.0003329215631819897,0.0006115325397516995,-0.0019547687843441,0.0010995574411935,-0.00044409903610353,0.0006175424381419743,-0.0018325957120395,0.0015882496489211,0.0012091258349604644,0.000435927145322972,sitting_table
0.31762252216786163,0.7778711394659282,-1.52537122964859,2.383168077468872,-0.13126609945297207,0.929339155765226,-2.140629959106445,2.4457646369934087,-0.35866508771479166,1.3389948270028873,-2.921428155899048,2.2064923286437983,1.66246020331502,0.8555671580781925,-0.030427199326455486,0.9122048598207271,-1.312505066394806,2.112616348266602,0.3886556810213375,0.6348861787794637,-1.4086552381515498,1.8670485258102425,0.07005158290162225,0.18219059904737153,-0.2896723002195357,0.6480058550834656,1.0923939638988533,0.4761775433395997,walking_pocket
-0.5019146361425519,0.8583146954566562,-2.4606831550598143,1.5686445951461792,-0.6909172749519348,1.8299488407840352,-5.441167831420898,3.033436965942383,-0.36807899255305526,1.9004643433063548,-4.8600616455078125,3.442101812362671,2.6200979025678293,1.2910787033060105,-0.4837942735217512,1.4380697887804723,-2.584204339981079,2.719572067260742,0.044199150295229625,0.7071560476110824,-1.415130430459976,1.4286916255950928,-0.11853778899228205,0.2338522499895415,-0.5837428271770477,0.5963266551494597,1.4833404076545724,0.8141031801429742,stairs_pocket
-0.32711706709861815,0.6467995300188278,-2.0007086277008064,1.4975083410739891,-0.1742959325313568,1.582089417721366,-4.108921241760254,2.7477019309997557,0.16751639494299886,1.4619815948121855,-4.281460094451904,3.8630379676818847,2.0578231369972646,0.9844332781121503,-0.2381678061764687,0.9725592224666401,-2.6047293663024904,2.0126788139343263,0.05614462338457819,0.8047278260457897,-1.8433469772338864,1.924958562850952,-0.051682254087645596,0.23730588369333266,-0.5656612098217011,0.6484945297241211,1.1787370600936848,0.5623440325123086,stairs_pocket
0.098330878125504,0.953163742252139,-2.2606644630432124,2.2437196969985966,-0.04298013925552398,0.8987265206776761,-2.1269107818603517,2.3747724533081054,-0.4320333398133519,1.3299281561755985,-3.807862281799317,2.987826824188232,1.6995997564400454,0.8837132773541733,-0.12632387779373658,0.8373793442299508,-1.3467135190963744,1.9746830224990848,-0.04627732237009312,0.9104903205398871,-1.968452143669128,1.79826512336731,0.014354722081334377,0.22455519648658231,-0.4454429358243941,0.7175223112106324,1.1561340708924592,0.5056247420876496,walking_pocket
-0.010308552404865527,0.004137888186493326,-0.0226613141596317,0.000185602530837,-0.008507433753460554,0.0037997389146948854,-0.0175384044647216,0.001264164596796,0.0397030954360961,0.0028057343443987502,0.0336994171142577,0.0461542129516601,0.04223633570714996,0.003218279023040652,0.0003646865537739089,0.0006411756131239261,-0.0014660766115411,0.0018325957120395,-0.0004013384699355363,0.0005563565711319542,-0.0015882496722042,0.0012217305251397,-0.00046059239906021815,0.0005051019064233529,-0.001954768761061,0.0009773843921721,0.0011449725885524815,0.00040862544777112673,sitting_table
-0.005337409285828396,0.004709057769355601,-0.0166901379823684,0.012876784056425,-0.008772650590166376,0.004171100895184025,-0.0188830405473708,0.001183196157217,0.04824004077911367,0.0028558998367651566,0.0404415130615233,0.0543384552001952,0.04971628532143166,0.0028935326850678747,0.00017776178935309216,0.0006314294245163279,-0.0018325957236811,0.0015882496605626,-0.00022602014179571437,0.0005964833573821708,-0.0019547688076272,0.0013439035625196,-0.00015943583246552008,0.0006508957111117424,-0.0018325957818887,0.0012217305018566,0.001033626197027794,0.00046158016182688925,sitting_table
0.23186282039433756,0.8667818599225001,-1.6844516456127163,2.613245487213135,-0.08860961151123048,0.8432496767288845,-1.8377130508422852,2.087191677093506,-0.8892334102466706,1.4404243156371668,-3.7450345039367674,1.5719079256057735,1.8665862417265167,0.944553759098037,0.02408580513577931,0.9805907826599166,-1.3176363468170162,2.191173624992371,0.1357275388219863,0.7403790659810423,-1.728015613555908,1.6439605712890628,0.05921972056414232,0.22550664939774828,-0.2519208252429962,0.7898487567901611,1.1393681800557456,0.5277419864305909,walking_pocket
-0.00708087122626595,0.004686610497093884,-0.0202144652605056,0.0047848228365182,-0.009008786521851941,0.004590516016410649,-0.0201987288892268,0.0026594489812851,0.03419297218322745,0.0038761666928286607,0.0246089935302733,0.0423458099365234,0.0366543788445686,0.0038416318405927927,0.00017104227037635124,0.0006853389404905193,-0.0013439035392365,0.0020769418450072,-0.00028893926372980757,0.000532635394402997,-0.0018325957469641,0.0009773844038136,-0.00015088371693853972,0.0006800628487447205,-0.0015882496489211,0.001710422663018,0.001061861133300018,0.00046781241563986076,sitting_table
0.18810717099905014,0.7359514127901944,-1.3823272705078125,2.1791085481643675,0.36182733297348024,1.9506983160075833,-4.037318229675293,4.064295673370362,-0.3312082440257072,1.6849410020416498,-4.130775308609008,3.0880970001220702,2.5067825187287114,1.071320436787141,-0.13654121188493448,0.8804767407860787,-2.072543573379517,1.616960310935974,0.2568150794282556,0.6235818973489835,-1.5291178941726684,1.8285640716552731,-0.06649940241029252,0.19074752272259582,-0.6384763717651367,0.3009122192859649,1.0024294800346474,0.5291794115673414,stairs_pocket
-0.010926565891131666,0.00497931665805425,-0.0241245549172162,0.0003122624009847,-0.007224370760843095,0.005104327914877073,-0.0204812373965978,0.0020019046962261,0.042441752433776764,0.0038497037096622065,0.033682632446289,0.0533643722534179,0.044911717642845704,0.004611650060176885,0.00047830749111014005,0.0006277338087128527,-0.0013439035392365,0.0024434610153548,-0.0003292563698486944,0.0004934572766176911,-0.0014660766115411,0.000855211354792,-0.00018387043883557496,0.0006997433552720505,-0.0018325957586057,0.0021991148707456,0.0011320464490260623,0.0004605236449825669,sitting_table
-0.00797214078344396,0.003806537701501289,-0.0176263280212878,0.0017994567751884,-0.007605551838874751,0.004605671702869337,-0.017679751291871,0.0054818041622638,0.03297051429748526,0.0032727789201821354,0.0246089935302733,0.0408769607543944,0.035254872499050995,0.003433383758696778,0.0002474004271789428,0.0007015033703655171,-0.0013439035392365,0.0019547687843441,-0.00025411994603925087,0.0004750504860460388,-0.0014660766115411,0.0006108652683906,-0.000334754156647227,0.0006185209318093802,-0.0015882496605626,0.0010995574528351,0.0010550540654553158,0.0004697390789540946,sitting_table
-0.005475247781723667,0.0036838698269543394,-0.0144762605428695,0.0055317003279924,-0.009945245871320287,0.003878827818376707,-0.0247204292565583,-0.0004193693399429,0.04672197055816642,0.0033228238314628416,0.037558364868164,0.0552886962890624,0.04837121090779022,0.0034017163011018257,0.0003903428946505107,0.0008254161798801378,-0.0015882496489211,0.0021991149289533,-0.00012705997162263682,0.0005130771096948675,-0.0014660766115411,0.0012217305134981,-0.0003426954057067323,0.0007331096684054968,-0.0017104227328672,0.0015882496489211,0.0012420366529761768,0.0004679653737538819,sitting_table
0.03103160479851103,0.9384431525503703,-2.2606644630432124,2.4631439685821537,-0.05632173967361484,0.811941504654907,-1.9923395156860355,2.5047610282897947,-0.30697542376816306,1.1252085842117627,-2.3981842994689946,2.3232926845550534,1.533598929960924,0.7356207187416058,-0.13174225076043494,0.7736713641034758,-1.285871338844299,1.9746830224990848,-0.23643539374321684,0.9619848534833805,-2.419270658493042,1.5669915318489076,-0.011486710195313143,0.2529395678468407,-0.402804547548294,0.7175223112106324,1.1700077354708007,0.534716774824684,walking_pocket
-0.09346732818707791,0.9654883873328595,-2.3699574947357176,2.735345482826234,-0.18455257368087785,0.8189209436575885,-2.1762243270874024,1.926658058166504,-0.4464017904698852,1.3265816963315873,-3.2818408966064454,1.9257626771926877,1.6952864215330874,0.8470341664827433,-0.17863043884001656,0.8075969618428751,-1.3843428134918212,1.8931935310363772,-0.09533773900475336,0.8982333510689701,-2.136928796768188,2.212553930282593,0.02631424172600968,0.24163363075680405,-0.4116010010242461,0.737803053855896,1.1511936256757116,0.47688214451324484,walking_pocket
-0.004952739432454099,0.8497194573357372,-1.8673737972974775,2.4710130214691164,-0.22968909168243404,0.7166423920383995,-2.5606000900268553,1.5958615303039552,-0.2891482756435872,1.2070689042407015,-2.8372745275497437,3.229213523864746,1.4921630783020152,0.7693823283117887,-0.05986784798651933,0.8213533062083783,-1.092227041721344,2.1146933317184446,0.0341443113819696,0.984119875108859,-2.240409326553345,1.6581325769424438,0.0075069246023777006,0.23877200756285913,-0.5450139701366424,0.6331007480621338,1.186892059488875,0.5377397455662438,walking_pocket
0.13647468585521022,0.888080931717406,-2.4176529407501217,2.59375901222229,-0.04916436719894396,0.6632476160490189,-1.9497266769409176,2.19873161315918,-0.43958194153010877,1.146025300238314,-2.7023357391357425,2.2306139945983885,1.468459568372339,0.7681803787769642,-0.09190772944176548,0.7210815442141041,-0.9789726376533506,2.079507446289063,-0.07499897922028281,0.9044986520670459,-2.29086685180664,1.5735888957977298,-0.026035687478899464,0.18313163211835182,-0.4340808421373367,0.4437325105071067,1.049532943734926,0.528566722595392,walking_pocket
0.09768426786735568,0.6960436696605524,-1.4989985466003426,1.8528651237487783,0.3623847737312316,1.6290247820975834,-3.717216491699219,3.721295547485352,-0.34419969612360013,1.4767690271201357,-3.425312900543213,3.5618083477020264,2.1552034014332477,0.9546957385586812,-0.12267578978498918,0.8215949137957473,-1.8134145975112912,1.7079792380332948,0.3350601973384617,0.567231077410286,-0.6460510790348054,1.7409659147262573,-0.07417614527361013,0.22366634360289428,-0.7294952750205995,0.3841120630502699,0.9799422025376845,0.46386189312580867,stairs_pocket
0.009436170995235455,0.7902729555452945,-1.5912814378738402,2.4710130214691164,-0.10256056928634638,0.6418839203887488,-1.8144189834594728,1.7215212821960448,-0.600914983227849,1.1855058014988098,-2.9205305576324463,1.4601933240890503,1.471020134007111,0.8004814879146251,-0.09992716938490047,0.8229113652557491,-1.386297583580017,2.0081583976745607,-0.22413928804616443,0.9652486658366798,-2.240409326553345,1.6581325769424438,0.03140946991596138,0.26393313296081755,-0.5450139701366424,0.722042727470398,1.1956079531977217,0.5508222207848066,walking_pocket
-0.5058789900094279,0.7056265434433254,-2.0370800375938423,1.4477813482284536,-0.702627613067627,1.8442916888689536,-4.948500251770019,2.6449551582336426,-0.19287612661719336,1.7257085821818032,-4.1640860080719,3.453001356124878,2.48427438170833,1.2105835301396393,-0.4567775414437055,1.4741571728577822,-2.417560338973999,2.6080280542373657,0.04755036202492176,0.7708538519395942,-1.5315613746643069,1.61891508102417,-0.13046248973370536,0.24465435545338182,-0.5646838486194612,0.3958406845107674,1.536628189793725,0.8265541219381004,stairs_pocket
-0.10196761062741264,0.8309333615997593,-2.522280693054199,2.1167397022247316,-0.041414396286010194,0.8375448804666359,-1.7785766601562496,2.38039197921753,-0.6990281345248222,1.3848445165419871,-3.7133716583251952,2.617199373245239,1.7356000963490918,0.8863127658945862,0.013505620152689728,0.900555765884506,-1.2945456385612486,1.9952080249786377,-0.14357837824104303,1.1585876562481177,-2.419881582260131,1.91200819015503,0.09717705371649943,0.2728900334216718,-0.3083647787570952,0.8276002407073975,1.3643959835669361,0.6222993286883898,walking_pocket
-0.009359647633507764,0.004218471389879203,-0.0178913213312625,0.0024825826287269,-0.004489065889269053,0.0037017448708209265,-0.0136899627745151,0.0040735729038715,0.03808860778808585,0.003782162335553338,0.0274826049804687,0.0475896835327148,0.03986145883195237,0.003900136765253269,0.00018387044157133382,0.0008098485849596438,-0.002321287896484,0.0024434610153548,-0.00029626964573977404,0.0004687046855026418,-0.0015882496489211,0.000855211354792,-0.0001038470915518617,0.0007124641372895766,-0.0021991149056702,0.0021991148707456,0.0011206522822546196,0.0005039890750892436,sitting_table
-0.3563421893641354,0.8561135817638161,-2.513130855560303,1.852890086174011,-0.4193045427799224,1.8643286154322698,-5.055970764160156,2.964766788482666,-0.6756796489804984,1.6901280370152454,-4.402248859405518,2.9992551445961,2.5349438514382214,1.1705160242282477,-0.25314010966382916,1.305380723901457,-2.405098581314087,2.802038860321045,-0.07912720957305285,0.7940857721611251,-2.145603084564209,1.4286916255950928,-0.05905845128279183,0.2616078028910287,-0.5952270984649658,0.6951646447181702,1.34798523136894,0.8068670654854001,stairs_pocket
-0.15567200759798375,0.669205802828056,-1.739641213417054,1.555799162387847,-0.5099616065025329,1.4900638980534024,-4.410558700561523,2.325739288330078,-0.6267441371306777,1.6296387889581467,-4.507353973388672,2.6138069152832033,2.1336646466674596,1.1953881921561693,-0.32173173106176534,1.335533279192802,-2.2173186779022216,2.4720494747161865,0.06381281699892118,0.7319034946304981,-1.5970461010932924,1.395094060897827,-0.06805222129379407,0.2956340282979277,-0.687834256887436,0.6539923191070556,1.3730956619699524,0.7903440364925706,stairs_pocket
0.3798569953017872,0.8225432696178109,-1.4859888076782222,2.4685372829437258,-0.13609987115859998,0.9072983082417546,-2.3544607162475586,2.391635036468506,-0.6579538152441387,1.650782080287698,-4.212202787399292,2.1972767829895017,1.9079606819476609,1.0793300790481797,-0.024625813887920067,0.9967413641646418,-1.5600276708602905,2.243097162246704,0.23404446567391293,0.8304522619360537,-1.8809762477874756,1.7016262173652652,0.08698110196826749,0.2511600573752373,-0.4364021211862564,0.7700567245483398,1.2335212707924814,0.5294054517040663,walking_pocket
-0.00727544051595024,0.003924945210074514,-0.0184996783733367,0.0009470347315073,-0.009126958960667168,0.004861650559240253,-0.0217737156897782,0.006605103611946,0.040978390693664456,0.005482286893715936,0.0279584884643554,0.0504861831665038,0.04302695736134519,0.005749694134966836,0.0004178318310877804,0.0006690976131976556,-0.0014660765882581,0.0020769418333656,-0.0002590068661374686,0.00050759791902431,-0.0014660766115411,0.001099557452835,-0.0002107485097367116,0.0005991417088850497,-0.0018325957702472,0.0013439035625196,0.0010786631921390721,0.00042717384750688687,sitting_table
-0.2221555058471857,0.7764398803933164,-1.828274726867676,1.714814305305481,-0.1318882412910463,0.7756701075103857,-1.9438358306884769,2.0209200859069822,-0.5333359400033951,1.359084636630467,-3.470590019226074,2.4962355375289915,1.6037244807145372,0.9053933733120634,-0.010832475763745597,0.8339034673862025,-1.2962560653686523,2.0430999040603637,-0.44192313021054713,0.6655714257470883,-2.126055383682251,0.7743327885866165,0.03706730321049698,0.26211678424668394,-0.5382944583892821,0.6510601758956909,1.0334050285795562,0.5758206065493647,walking_pocket
0.11331585875213748,0.6273890255237027,-1.4937220811843872,1.8504131317138672,0.26396228833632035,1.8436077990338802,-4.037318229675293,4.064295673370362,-0.7877909921636483,1.303085878634486,-4.130775308609008,2.313387155532837,2.185213595935575,1.182303719461783,-0.17735516328665643,0.8038165529380957,-2.0041266679763794,1.473529148101807,0.053795014332387245,0.33871144557169836,-0.8247902452945709,1.0021855354309082,-0.0096109465060925,0.16131197080637028,-0.5495343774557113,0.3009122192859649,0.7879279089152841,0.4444121836570107,stairs_pocket
0.02533727484196459,0.8478708582520934,-1.7461426854133606,2.4631439685821537,0.022505521297454582,0.7944642258017174,-1.671309280395508,2.5047610282897947,-0.32267390188574824,1.2935099622813764,-3.2763157367706297,2.569505500793457,1.5752201499713818,0.7970162264107772,-0.19319346215890235,0.7276579167430824,-1.2242961168289184,1.9368093490600584,0.004775134762749236,0.949262554029231,-2.419270658493042,1.8989356994628903,-0.032973284034524035,0.22345511354543732,-0.4030488878488539,0.6774495601654053,1.125453364568445,0.4961191270511513,walking_pocket
